{
  "creationTimeStamp" : "2021-09-15T11:15:22.042Z",
  "modifiedTimeStamp" : "2021-09-15T11:23:27.552Z",
  "createdBy" : "sas.dataMining",
  "modifiedBy" : "sas.dataMining",
  "id" : "dm.featuremachine.template",
  "links" : [ {
    "method" : "GET",
    "rel" : "up",
    "href" : "/analyticsGateway/componentTemplates",
    "uri" : "/analyticsGateway/componentTemplates",
    "type" : "application/vnd.sas.collection"
  }, {
    "method" : "GET",
    "rel" : "exportComponentTemplate",
    "href" : "/analyticsGateway/componentTemplates/dm.featuremachine.template",
    "uri" : "/analyticsGateway/componentTemplates/dm.featuremachine.template",
    "type" : "application/octet-stream"
  }, {
    "method" : "GET",
    "rel" : "self",
    "href" : "/analyticsGateway/componentTemplates/dm.featuremachine.template",
    "uri" : "/analyticsGateway/componentTemplates/dm.featuremachine.template",
    "type" : "application/vnd.sas.analytics.component.template"
  }, {
    "method" : "GET",
    "rel" : "transferExport",
    "href" : "/analyticsGateway/componentTemplates/dm.featuremachine.template",
    "uri" : "/analyticsGateway/componentTemplates/dm.featuremachine.template",
    "type" : "application/vnd.sas.transfer.object"
  }, {
    "method" : "GET",
    "rel" : "localizationContext",
    "href" : "/analyticsLocalization/contexts/dm.service.nls",
    "uri" : "/analyticsLocalization/contexts/dm.service.nls",
    "type" : "application/vnd.sas.analytics.localization.context"
  } ],
  "name" : "Feature Machine",
  "description" : "Generates features that address one or more identified transformation policies.",
  "revision" : 6,
  "version" : 3,
  "prototype" : {
    "creationTimeStamp" : "2021-09-15T11:15:22.039Z",
    "modifiedTimeStamp" : "2021-09-15T11:23:27.554Z",
    "createdBy" : "sas.dataMining",
    "modifiedBy" : "sas.dataMining",
    "id" : "ec0df7b9-4258-48e9-b6f3-9fc4902b5d2f",
    "name" : "Feature Machine",
    "description" : "Generates features that address one or more identified transformation policies.",
    "revision" : 11,
    "iconCode" : "",
    "imageUri" : null,
    "executionProviderId" : "Compute",
    "code" : null,
    "classification" : "featuremachine",
    "group" : "pre_process",
    "status" : "undefined",
    "componentProperties" : {
      "cardinality" : true,
      "entropy" : false,
      "kurtosis" : false,
      "missing" : true,
      "outlier" : false,
      "iqv" : false,
      "skewness" : true,
      "lowCV" : true,
      "group_rare" : true,
      "leakage_cutoff" : 90,
      "mi_cutoff" : 0.05,
      "redundancy_cutoff" : 1,
      "select_enabled" : true,
      "select_ranknum" : 2,
      "rejectInputs" : true
    },
    "systemAttributes" : {
      "casSessionId" : "",
      "userDefined" : false,
      "modeling" : false,
      "trainOnly" : true,
      "prefix" : "fm",
      "version" : "1",
      "component" : "featuremachine",
      "scoreCodeFormat" : "ASTORE",
      "codeFile" : "featuremachine.sas",
      "codeFormat" : "FILE",
      "codeLanguage" : "SAS",
      "codeLocation" : "mlearning",
      "fullDatasetReconstitution" : false,
      "_omitJsonListing" : true,
      "_omitTextListing" : true,
      "_omitSessionResults" : true,
      "dataMiningVersion" : "V8.5"
    },
    "validationModel" : null,
    "validationErrors" : null,
    "version" : null,
    "componentPropertyMetadata" : null
  },
  "applicationId" : "datamining",
  "classification" : "featuremachine",
  "providerId" : "SAS",
  "group" : "pre_process",
  "hidden" : false
}