{
  "creationTimeStamp" : "2021-09-15T11:15:20.101Z",
  "modifiedTimeStamp" : "2021-09-15T11:23:25.864Z",
  "createdBy" : "sas.dataMining",
  "modifiedBy" : "sas.dataMining",
  "id" : "dm.cluster.template",
  "links" : [ {
    "method" : "GET",
    "rel" : "up",
    "href" : "/analyticsGateway/componentTemplates",
    "uri" : "/analyticsGateway/componentTemplates",
    "type" : "application/vnd.sas.collection"
  }, {
    "method" : "GET",
    "rel" : "exportComponentTemplate",
    "href" : "/analyticsGateway/componentTemplates/dm.cluster.template",
    "uri" : "/analyticsGateway/componentTemplates/dm.cluster.template",
    "type" : "application/octet-stream"
  }, {
    "method" : "GET",
    "rel" : "self",
    "href" : "/analyticsGateway/componentTemplates/dm.cluster.template",
    "uri" : "/analyticsGateway/componentTemplates/dm.cluster.template",
    "type" : "application/vnd.sas.analytics.component.template"
  }, {
    "method" : "GET",
    "rel" : "transferExport",
    "href" : "/analyticsGateway/componentTemplates/dm.cluster.template",
    "uri" : "/analyticsGateway/componentTemplates/dm.cluster.template",
    "type" : "application/vnd.sas.transfer.object"
  }, {
    "method" : "GET",
    "rel" : "localizationContext",
    "href" : "/analyticsLocalization/contexts/dm.service.nls",
    "uri" : "/analyticsLocalization/contexts/dm.service.nls",
    "type" : "application/vnd.sas.analytics.localization.context"
  } ],
  "name" : "Clustering",
  "description" : "Performs observation-based clustering for segmenting data.",
  "revision" : 6,
  "version" : 3,
  "prototype" : {
    "creationTimeStamp" : "2021-09-15T11:15:20.099Z",
    "modifiedTimeStamp" : "2021-09-15T11:23:25.868Z",
    "createdBy" : "sas.dataMining",
    "modifiedBy" : "sas.dataMining",
    "id" : "711a58d9-da74-45a9-ba3e-f29e43668022",
    "name" : "Clustering",
    "description" : "Performs observation-based clustering for segmenting data.",
    "revision" : 11,
    "iconCode" : "",
    "imageUri" : null,
    "executionProviderId" : "Compute",
    "code" : null,
    "classification" : "cluster",
    "group" : "pre_process",
    "status" : "undefined",
    "componentProperties" : {
      "initialization" : "FORGY",
      "autoGamma" : true,
      "userGamma" : 0.5,
      "randomSeed" : 12345,
      "impute" : "NONE",
      "standardize" : "STD",
      "distance" : "EUCLIDEAN",
      "imputeNom" : "NONE",
      "distanceNom" : "BINARY",
      "noc" : "ABC",
      "userClusters" : 6,
      "b" : 1,
      "maxClusters" : 6,
      "minClusters" : 2,
      "criterion" : "GLOBALPEAK",
      "align" : "NONE",
      "stopCriterionMethod" : "CLUSTER_CHANGE",
      "clusterChange" : 20,
      "withinClusterSSE" : 1.0E-5,
      "maxIter" : 10,
      "clusterRole" : "SEGMENT",
      "clusterDistRole" : "REJECTED"
    },
    "systemAttributes" : {
      "casSessionId" : "",
      "userDefined" : false,
      "modeling" : false,
      "trainOnly" : true,
      "prefix" : "clus",
      "version" : "1",
      "component" : "cluster",
      "scoreCodeFormat" : "DS1",
      "codeFile" : "cluster.sas",
      "codeFormat" : "FILE",
      "codeLanguage" : "SAS",
      "codeLocation" : "mlearning",
      "fullDatasetReconstitution" : false,
      "_omitJsonListing" : true,
      "_omitTextListing" : true,
      "_omitSessionResults" : true,
      "dataMiningVersion" : "V8.5"
    },
    "validationModel" : null,
    "validationErrors" : null,
    "version" : null,
    "componentPropertyMetadata" : null
  },
  "applicationId" : "datamining",
  "classification" : "cluster",
  "providerId" : "SAS",
  "group" : "pre_process",
  "hidden" : false
}