{
  "creationTimeStamp" : "2021-09-15T11:15:22.675Z",
  "modifiedTimeStamp" : "2021-09-15T11:23:28.100Z",
  "createdBy" : "sas.dataMining",
  "modifiedBy" : "sas.dataMining",
  "id" : "dm.gradboost.template",
  "links" : [ {
    "method" : "GET",
    "rel" : "up",
    "href" : "/analyticsGateway/componentTemplates",
    "uri" : "/analyticsGateway/componentTemplates",
    "type" : "application/vnd.sas.collection"
  }, {
    "method" : "GET",
    "rel" : "exportComponentTemplate",
    "href" : "/analyticsGateway/componentTemplates/dm.gradboost.template",
    "uri" : "/analyticsGateway/componentTemplates/dm.gradboost.template",
    "type" : "application/octet-stream"
  }, {
    "method" : "GET",
    "rel" : "self",
    "href" : "/analyticsGateway/componentTemplates/dm.gradboost.template",
    "uri" : "/analyticsGateway/componentTemplates/dm.gradboost.template",
    "type" : "application/vnd.sas.analytics.component.template"
  }, {
    "method" : "GET",
    "rel" : "transferExport",
    "href" : "/analyticsGateway/componentTemplates/dm.gradboost.template",
    "uri" : "/analyticsGateway/componentTemplates/dm.gradboost.template",
    "type" : "application/vnd.sas.transfer.object"
  }, {
    "method" : "GET",
    "rel" : "localizationContext",
    "href" : "/analyticsLocalization/contexts/dm.service.nls",
    "uri" : "/analyticsLocalization/contexts/dm.service.nls",
    "type" : "application/vnd.sas.analytics.localization.context"
  } ],
  "name" : "Gradient Boosting",
  "description" : "Fits a gradient boosting model, which builds a sequential series of decision trees.",
  "revision" : 6,
  "version" : 3,
  "prototype" : {
    "creationTimeStamp" : "2021-09-15T11:15:22.671Z",
    "modifiedTimeStamp" : "2021-09-15T11:23:28.109Z",
    "createdBy" : "sas.dataMining",
    "modifiedBy" : "sas.dataMining",
    "id" : "8a580f53-d3b8-4efe-9d15-959ee8803fb3",
    "name" : "Gradient Boosting",
    "description" : "Fits a gradient boosting model, which builds a sequential series of decision trees.",
    "revision" : 11,
    "iconCode" : "",
    "imageUri" : "/dataMining/images/gradboost.svg",
    "executionProviderId" : "Compute",
    "code" : null,
    "classification" : "gradboost",
    "group" : "supervised",
    "status" : "undefined",
    "componentProperties" : {
      "train" : true,
      "ntrees" : 100,
      "learningRate" : 0.1,
      "subsampleRate" : 0.5,
      "lasso" : 0,
      "ridge" : 1,
      "distribution" : "GAUSSIAN",
      "power" : 1.5,
      "seed" : 12345,
      "maxBranch" : 2,
      "maxDepth" : 4,
      "minLeafSize" : 5,
      "missingValue" : "USEINSEARCH",
      "minUseInSearch" : 1,
      "intervalBins" : 50,
      "intBinMethod" : "QUANTILE",
      "defaultVarsPerTree" : true,
      "varsToTry" : 100,
      "earlyStop" : true,
      "esMetric" : "MCR",
      "earlyStopMethod" : "STAGNATION",
      "stagnation" : 5,
      "tolerance" : 0,
      "esMinimum" : false,
      "esThreshold" : 0,
      "esThresholdIter" : 0,
      "autotune_enabled" : false,
      "atlasso" : true,
      "atlassoInit" : 0,
      "atlassoLB" : 0,
      "atlassoUB" : 10,
      "atridge" : true,
      "atridgeInit" : 1,
      "atridgeLB" : 0,
      "atridgeUB" : 10,
      "atlearnrt" : true,
      "atlearnrtInit" : 0.1,
      "atlearnrtLB" : 0.01,
      "atlearnrtUB" : 1,
      "atmaxdepth" : true,
      "atmaxdepthInit" : 4,
      "atmaxdepthLB" : 1,
      "atmaxdepthUB" : 6,
      "atleafSize" : false,
      "atleafSizeInit" : 5,
      "atleafSizeLB" : 1,
      "atleafSizeUB" : 100,
      "atintervalBins" : true,
      "atintervalBinsInit" : 50,
      "atintervalBinsLB" : 20,
      "atintervalBinsUB" : 100,
      "atvarsToTry" : true,
      "atvarsToTryInit" : 100,
      "atvarsToTryLB" : 1,
      "atvarsToTryUB" : 100,
      "atntrees" : true,
      "atntreesInit" : 100,
      "atntreesLB" : 20,
      "atntreesUB" : 150,
      "atsamprt" : true,
      "atsamprtInit" : 0.5,
      "atsamprtLB" : 0.1,
      "atsamprtUB" : 1,
      "atSearchMethod" : "GA",
      "atPopSize" : 10,
      "atMaxEval" : 50,
      "atMaxIter" : 5,
      "atMaxBayes" : 100,
      "atSampleSize" : 50,
      "atValidMethod" : "PARTITION",
      "atTrainProp" : 0.7,
      "atValidProp" : 0.3,
      "atValidFold" : 5,
      "atObjectiveNom" : "KS",
      "atObjectiveInt" : "ASE",
      "atMaxTime" : 60,
      "exactPctlLift" : true,
      "userProbCutoff" : false,
      "binaryProbCutoff" : 0.5,
      "performVI" : false,
      "pdPlots" : false,
      "icePlots" : false,
      "performLime" : false,
      "performKernelShap" : false,
      "maxNumShapVars" : 20,
      "specifyRows" : "RANDOM",
      "explainInfo" : false,
      "explainFidelity" : false,
      "pdNumImportantInputs" : 5,
      "pdObsSamples" : 1000,
      "nBins" : 50,
      "truncateLl" : 5,
      "truncateUl" : 95,
      "seedId" : 12345
    },
    "systemAttributes" : {
      "casSessionId" : "",
      "userDefined" : false,
      "modeling" : true,
      "trainOnly" : false,
      "prefix" : "gradboost",
      "version" : "1",
      "component" : "gradboost",
      "scoreCodeFormat" : "ASTORE",
      "codeFile" : "gradboost.sas",
      "codeFormat" : "FILE",
      "codeLanguage" : "SAS",
      "codeLocation" : "mlearning",
      "fullDatasetReconstitution" : false,
      "_omitJsonListing" : true,
      "_omitTextListing" : true,
      "_omitSessionResults" : true,
      "dataMiningVersion" : "V8.5"
    },
    "validationModel" : null,
    "validationErrors" : null,
    "version" : null,
    "componentPropertyMetadata" : {
      "performVI" : {
        "omitFromModified" : true
      },
      "pdPlots" : {
        "omitFromModified" : true
      },
      "icePlots" : {
        "omitFromModified" : true
      },
      "performLime" : {
        "omitFromModified" : true
      },
      "performKernelShap" : {
        "omitFromModified" : true
      },
      "maxNumShapVars" : {
        "omitFromModified" : true
      },
      "specifyRows" : {
        "omitFromModified" : true
      },
      "indvRow" : {
        "omitFromModified" : true
      },
      "indvRow_2" : {
        "omitFromModified" : true
      },
      "indvRow_3" : {
        "omitFromModified" : true
      },
      "indvRow_4" : {
        "omitFromModified" : true
      },
      "indvRow_5" : {
        "omitFromModified" : true
      },
      "explainInfo" : {
        "omitFromModified" : true
      },
      "explainFidelity" : {
        "omitFromModified" : true
      },
      "pdNumImportantInputs" : {
        "omitFromModified" : true
      },
      "pdObsSamples" : {
        "omitFromModified" : true
      },
      "nBins" : {
        "omitFromModified" : true
      },
      "truncateLl" : {
        "omitFromModified" : true
      },
      "truncateUl" : {
        "omitFromModified" : true
      },
      "seedId" : {
        "omitFromModified" : true
      }
    }
  },
  "applicationId" : "datamining",
  "classification" : "gradboost",
  "providerId" : "SAS",
  "group" : "supervised",
  "hidden" : false
}