{
  "creationTimeStamp" : "2021-09-15T11:15:26.778Z",
  "modifiedTimeStamp" : "2021-09-15T11:23:31.669Z",
  "createdBy" : "sas.dataMining",
  "modifiedBy" : "sas.dataMining",
  "id" : "dm.tree.template",
  "links" : [ {
    "method" : "GET",
    "rel" : "up",
    "href" : "/analyticsGateway/componentTemplates",
    "uri" : "/analyticsGateway/componentTemplates",
    "type" : "application/vnd.sas.collection"
  }, {
    "method" : "GET",
    "rel" : "exportComponentTemplate",
    "href" : "/analyticsGateway/componentTemplates/dm.tree.template",
    "uri" : "/analyticsGateway/componentTemplates/dm.tree.template",
    "type" : "application/octet-stream"
  }, {
    "method" : "GET",
    "rel" : "self",
    "href" : "/analyticsGateway/componentTemplates/dm.tree.template",
    "uri" : "/analyticsGateway/componentTemplates/dm.tree.template",
    "type" : "application/vnd.sas.analytics.component.template"
  }, {
    "method" : "GET",
    "rel" : "transferExport",
    "href" : "/analyticsGateway/componentTemplates/dm.tree.template",
    "uri" : "/analyticsGateway/componentTemplates/dm.tree.template",
    "type" : "application/vnd.sas.transfer.object"
  }, {
    "method" : "GET",
    "rel" : "localizationContext",
    "href" : "/analyticsLocalization/contexts/dm.service.nls",
    "uri" : "/analyticsLocalization/contexts/dm.service.nls",
    "type" : "application/vnd.sas.analytics.localization.context"
  } ],
  "name" : "Decision Tree",
  "description" : "Fits a classification tree for a class target or a regression tree for an interval target.",
  "revision" : 6,
  "version" : 3,
  "prototype" : {
    "creationTimeStamp" : "2021-09-15T11:15:26.776Z",
    "modifiedTimeStamp" : "2021-09-15T11:23:31.678Z",
    "createdBy" : "sas.dataMining",
    "modifiedBy" : "sas.dataMining",
    "id" : "50aed296-5e76-4fd7-baa4-2fa8c2f7669d",
    "name" : "Decision Tree",
    "description" : "Fits a classification tree for a class target or a regression tree for an interval target.",
    "revision" : 11,
    "iconCode" : "",
    "imageUri" : "/dataMining/images/tree.svg",
    "executionProviderId" : "Compute",
    "code" : null,
    "classification" : "tree",
    "group" : "supervised",
    "status" : "undefined",
    "componentProperties" : {
      "train" : true,
      "criterionMethod" : "IGR",
      "iCriterionMethod" : "VARIANCE",
      "alpha" : 0.2,
      "bonferroni" : false,
      "maxBranch" : 2,
      "maxDepth" : 10,
      "hLeafSize" : 5,
      "missingValue" : "USEINSEARCH",
      "minUseinsearch" : 1,
      "intervalBins" : 50,
      "intBinMethod" : "QUANTILE",
      "nSurrs" : 0,
      "useVarOnce" : false,
      "rapidGrowth" : false,
      "pruningMethod" : "COSTCOMPLEXITY",
      "selMethod" : "AUTOMATIC",
      "nPLeaves" : 1,
      "ccAlpha" : 0,
      "confidence" : 0.25,
      "cvccFolds" : 10,
      "seRule" : false,
      "seed" : 12345,
      "embeddedBarChart" : true,
      "nodeColor" : "PROBEVENT",
      "inodeColor" : "AVERAGE",
      "autotune_enabled" : false,
      "atmaxdepth" : true,
      "atmaxdepthInit" : 10,
      "atmaxdepthLB" : 1,
      "atmaxdepthUB" : 19,
      "atleafSize" : false,
      "atleafSizeInit" : 5,
      "atleafSizeLB" : 1,
      "atleafSizeUB" : 100,
      "atnumbin" : true,
      "atnumbinInit" : 50,
      "atnumbinLB" : 20,
      "atnumbinUB" : 200,
      "atgrowcrit" : true,
      "atgrowcritValsn" : [ "ENTROPY", "CHAID", "IGR", "GINI", "CHISQUARE" ],
      "atgrowcritValsi" : [ "VARIANCE", "FTEST", "CHAID" ],
      "atSearchMethod" : "GA",
      "atPopSize" : 10,
      "atMaxEval" : 50,
      "atMaxIter" : 5,
      "atMaxBayes" : 100,
      "atSampleSize" : 50,
      "atValidMethod" : "PARTITION",
      "atTrainProp" : 0.7,
      "atValidProp" : 0.3,
      "atValidFold" : 5,
      "atObjectiveNom" : "KS",
      "atObjectiveInt" : "ASE",
      "atMaxTime" : 60,
      "exactPctlLift" : true,
      "userProbCutoff" : false,
      "binaryProbCutoff" : 0.5,
      "performVI" : false,
      "pdPlots" : false,
      "icePlots" : false,
      "performLime" : false,
      "performKernelShap" : false,
      "maxNumShapVars" : 20,
      "specifyRows" : "RANDOM",
      "explainInfo" : false,
      "explainFidelity" : false,
      "pdNumImportantInputs" : 5,
      "pdObsSamples" : 1000,
      "nBins" : 50,
      "truncateLl" : 5,
      "truncateUl" : 95,
      "seedId" : 12345
    },
    "systemAttributes" : {
      "casSessionId" : "",
      "userDefined" : false,
      "modeling" : true,
      "trainOnly" : false,
      "prefix" : "tree",
      "version" : "1",
      "component" : "tree",
      "scoreCodeFormat" : "DS1",
      "codeFile" : "tree.sas",
      "codeFormat" : "FILE",
      "codeLanguage" : "SAS",
      "codeLocation" : "mlearning",
      "fullDatasetReconstitution" : false,
      "_omitJsonListing" : true,
      "_omitTextListing" : true,
      "_omitSessionResults" : true,
      "dataMiningVersion" : "V8.5"
    },
    "validationModel" : null,
    "validationErrors" : null,
    "version" : null,
    "componentPropertyMetadata" : {
      "performVI" : {
        "omitFromModified" : true
      },
      "pdPlots" : {
        "omitFromModified" : true
      },
      "icePlots" : {
        "omitFromModified" : true
      },
      "performLime" : {
        "omitFromModified" : true
      },
      "performKernelShap" : {
        "omitFromModified" : true
      },
      "maxNumShapVars" : {
        "omitFromModified" : true
      },
      "specifyRows" : {
        "omitFromModified" : true
      },
      "indvRow" : {
        "omitFromModified" : true
      },
      "indvRow_2" : {
        "omitFromModified" : true
      },
      "indvRow_3" : {
        "omitFromModified" : true
      },
      "indvRow_4" : {
        "omitFromModified" : true
      },
      "indvRow_5" : {
        "omitFromModified" : true
      },
      "explainInfo" : {
        "omitFromModified" : true
      },
      "explainFidelity" : {
        "omitFromModified" : true
      },
      "pdNumImportantInputs" : {
        "omitFromModified" : true
      },
      "pdObsSamples" : {
        "omitFromModified" : true
      },
      "nBins" : {
        "omitFromModified" : true
      },
      "truncateLl" : {
        "omitFromModified" : true
      },
      "truncateUl" : {
        "omitFromModified" : true
      },
      "seedId" : {
        "omitFromModified" : true
      }
    }
  },
  "applicationId" : "datamining",
  "classification" : "tree",
  "providerId" : "SAS",
  "group" : "supervised",
  "hidden" : false
}