{
  "creationTimeStamp" : "2021-09-15T11:15:23.179Z",
  "modifiedTimeStamp" : "2021-09-15T11:23:28.647Z",
  "createdBy" : "sas.dataMining",
  "modifiedBy" : "sas.dataMining",
  "id" : "dm.impute.template",
  "links" : [ {
    "method" : "GET",
    "rel" : "up",
    "href" : "/analyticsGateway/componentTemplates",
    "uri" : "/analyticsGateway/componentTemplates",
    "type" : "application/vnd.sas.collection"
  }, {
    "method" : "GET",
    "rel" : "exportComponentTemplate",
    "href" : "/analyticsGateway/componentTemplates/dm.impute.template",
    "uri" : "/analyticsGateway/componentTemplates/dm.impute.template",
    "type" : "application/octet-stream"
  }, {
    "method" : "GET",
    "rel" : "self",
    "href" : "/analyticsGateway/componentTemplates/dm.impute.template",
    "uri" : "/analyticsGateway/componentTemplates/dm.impute.template",
    "type" : "application/vnd.sas.analytics.component.template"
  }, {
    "method" : "GET",
    "rel" : "transferExport",
    "href" : "/analyticsGateway/componentTemplates/dm.impute.template",
    "uri" : "/analyticsGateway/componentTemplates/dm.impute.template",
    "type" : "application/vnd.sas.transfer.object"
  }, {
    "method" : "GET",
    "rel" : "localizationContext",
    "href" : "/analyticsLocalization/contexts/dm.service.nls",
    "uri" : "/analyticsLocalization/contexts/dm.service.nls",
    "type" : "application/vnd.sas.analytics.localization.context"
  } ],
  "name" : "Imputation",
  "description" : "Imputes missing values for class and interval inputs using the specified methods.",
  "revision" : 6,
  "version" : 3,
  "prototype" : {
    "creationTimeStamp" : "2021-09-15T11:15:23.175Z",
    "modifiedTimeStamp" : "2021-09-15T11:23:28.661Z",
    "createdBy" : "sas.dataMining",
    "modifiedBy" : "sas.dataMining",
    "id" : "9a23d3bc-0d08-412a-849d-f80babe77618",
    "name" : "Imputation",
    "description" : "Imputes missing values for class and interval inputs using the specified methods.",
    "revision" : 11,
    "iconCode" : "",
    "imageUri" : null,
    "executionProviderId" : "Compute",
    "code" : null,
    "classification" : "impute",
    "group" : "pre_process",
    "status" : "undefined",
    "componentProperties" : {
      "imputeNonmiss" : false,
      "maxMissPercent" : 50,
      "rejectOrgVars" : true,
      "summaryStatistics" : false,
      "defClassMethod" : "COUNT",
      "defIntervalMethod" : "MEAN",
      "dataLimit" : "ALLDATA",
      "dataLimitPercent" : 5,
      "randomSeed" : 12345,
      "constantChar" : " ",
      "constantNum" : 0,
      "indicatorSingle" : false,
      "indicatorUnique" : false,
      "indicatorSubject" : "IMPUTED",
      "indicatorRole" : "REJECTED",
      "ignoreMetadata" : false
    },
    "systemAttributes" : {
      "casSessionId" : "",
      "userDefined" : false,
      "modeling" : false,
      "trainOnly" : true,
      "prefix" : "impute",
      "version" : "1",
      "component" : "impute",
      "scoreCodeFormat" : "DS1",
      "codeFile" : "impute.sas",
      "codeFormat" : "FILE",
      "codeLanguage" : "SAS",
      "codeLocation" : "mlearning",
      "fullDatasetReconstitution" : false,
      "_omitJsonListing" : true,
      "_omitTextListing" : true,
      "_omitSessionResults" : true,
      "dataMiningVersion" : "V8.5"
    },
    "validationModel" : null,
    "validationErrors" : null,
    "version" : null,
    "componentPropertyMetadata" : null
  },
  "applicationId" : "datamining",
  "classification" : "impute",
  "providerId" : "SAS",
  "group" : "pre_process",
  "hidden" : false
}