{
  "creationTimeStamp" : "2021-09-15T11:15:23.532Z",
  "modifiedTimeStamp" : "2021-09-15T11:23:28.981Z",
  "createdBy" : "sas.dataMining",
  "modifiedBy" : "sas.dataMining",
  "id" : "dm.logisticreg.template",
  "links" : [ {
    "method" : "GET",
    "rel" : "up",
    "href" : "/analyticsGateway/componentTemplates",
    "uri" : "/analyticsGateway/componentTemplates",
    "type" : "application/vnd.sas.collection"
  }, {
    "method" : "GET",
    "rel" : "exportComponentTemplate",
    "href" : "/analyticsGateway/componentTemplates/dm.logisticreg.template",
    "uri" : "/analyticsGateway/componentTemplates/dm.logisticreg.template",
    "type" : "application/octet-stream"
  }, {
    "method" : "GET",
    "rel" : "self",
    "href" : "/analyticsGateway/componentTemplates/dm.logisticreg.template",
    "uri" : "/analyticsGateway/componentTemplates/dm.logisticreg.template",
    "type" : "application/vnd.sas.analytics.component.template"
  }, {
    "method" : "GET",
    "rel" : "transferExport",
    "href" : "/analyticsGateway/componentTemplates/dm.logisticreg.template",
    "uri" : "/analyticsGateway/componentTemplates/dm.logisticreg.template",
    "type" : "application/vnd.sas.transfer.object"
  }, {
    "method" : "GET",
    "rel" : "localizationContext",
    "href" : "/analyticsLocalization/contexts/dm.service.nls",
    "uri" : "/analyticsLocalization/contexts/dm.service.nls",
    "type" : "application/vnd.sas.analytics.localization.context"
  } ],
  "name" : "Logistic Regression",
  "description" : "Fits a logistic regression model for a binary or nominal target.",
  "revision" : 6,
  "version" : 3,
  "prototype" : {
    "creationTimeStamp" : "2021-09-15T11:15:23.528Z",
    "modifiedTimeStamp" : "2021-09-15T11:23:28.984Z",
    "createdBy" : "sas.dataMining",
    "modifiedBy" : "sas.dataMining",
    "id" : "55fc25e0-ba31-4470-8eb4-8d92c763e822",
    "name" : "Logistic Regression",
    "description" : "Fits a logistic regression model for a binary or nominal target.",
    "revision" : 11,
    "iconCode" : "",
    "imageUri" : "/dataMining/images/logisticreg.svg",
    "executionProviderId" : "Compute",
    "code" : null,
    "classification" : "logisticreg",
    "group" : "supervised",
    "status" : "undefined",
    "componentProperties" : {
      "train" : true,
      "linkFunction" : "LOGIT",
      "nomlinkFunction" : "GLOGIT",
      "classOrder" : "FMTASC",
      "factorInteractions" : false,
      "factorSplit" : false,
      "useSpline" : false,
      "useSplineSplit" : false,
      "usePolynomial" : false,
      "polynomialDegree" : "2",
      "suppressIntercept" : false,
      "informativeMiss" : false,
      "missAsLvl" : false,
      "selectMethod" : "STEPWISE",
      "selectCriterion" : "SBC",
      "stopCriterion" : "SBC",
      "chooseCriterion" : "SBC",
      "slEntry" : 0.05,
      "slStay" : 0.05,
      "maxEffects" : 0,
      "minEffects" : 0,
      "maxSteps" : 0,
      "hierarchy" : "NONE",
      "tech" : "NRRIDG",
      "normalize" : true,
      "exactPctlLift" : true,
      "userProbCutoff" : false,
      "binaryProbCutoff" : 0.5,
      "performVI" : false,
      "pdPlots" : false,
      "icePlots" : false,
      "performLime" : false,
      "performKernelShap" : false,
      "maxNumShapVars" : 20,
      "specifyRows" : "RANDOM",
      "explainInfo" : false,
      "explainFidelity" : false,
      "pdNumImportantInputs" : 5,
      "pdObsSamples" : 1000,
      "nBins" : 50,
      "truncateLl" : 5,
      "truncateUl" : 95,
      "seedId" : 12345
    },
    "systemAttributes" : {
      "casSessionId" : "",
      "userDefined" : false,
      "modeling" : true,
      "trainOnly" : false,
      "prefix" : "logisticreg",
      "version" : "1",
      "component" : "logisticreg",
      "scoreCodeFormat" : "DS1",
      "codeFile" : "logisticreg.sas",
      "codeFormat" : "FILE",
      "codeLanguage" : "SAS",
      "codeLocation" : "mlearning",
      "fullDatasetReconstitution" : false,
      "_omitJsonListing" : true,
      "_omitTextListing" : true,
      "_omitSessionResults" : true,
      "dataMiningVersion" : "V8.5"
    },
    "validationModel" : null,
    "validationErrors" : null,
    "version" : null,
    "componentPropertyMetadata" : {
      "performVI" : {
        "omitFromModified" : true
      },
      "pdPlots" : {
        "omitFromModified" : true
      },
      "icePlots" : {
        "omitFromModified" : true
      },
      "performLime" : {
        "omitFromModified" : true
      },
      "performKernelShap" : {
        "omitFromModified" : true
      },
      "maxNumShapVars" : {
        "omitFromModified" : true
      },
      "specifyRows" : {
        "omitFromModified" : true
      },
      "indvRow" : {
        "omitFromModified" : true
      },
      "indvRow_2" : {
        "omitFromModified" : true
      },
      "indvRow_3" : {
        "omitFromModified" : true
      },
      "indvRow_4" : {
        "omitFromModified" : true
      },
      "indvRow_5" : {
        "omitFromModified" : true
      },
      "explainInfo" : {
        "omitFromModified" : true
      },
      "explainFidelity" : {
        "omitFromModified" : true
      },
      "pdNumImportantInputs" : {
        "omitFromModified" : true
      },
      "pdObsSamples" : {
        "omitFromModified" : true
      },
      "nBins" : {
        "omitFromModified" : true
      },
      "truncateLl" : {
        "omitFromModified" : true
      },
      "truncateUl" : {
        "omitFromModified" : true
      },
      "seedId" : {
        "omitFromModified" : true
      }
    }
  },
  "applicationId" : "datamining",
  "classification" : "logisticreg",
  "providerId" : "SAS",
  "group" : "supervised",
  "hidden" : false
}