{
  "creationTimeStamp" : "2021-09-15T11:15:26.596Z",
  "modifiedTimeStamp" : "2021-09-15T11:23:31.466Z",
  "createdBy" : "sas.dataMining",
  "modifiedBy" : "sas.dataMining",
  "id" : "dm.transform.template",
  "links" : [ {
    "method" : "GET",
    "rel" : "up",
    "href" : "/analyticsGateway/componentTemplates",
    "uri" : "/analyticsGateway/componentTemplates",
    "type" : "application/vnd.sas.collection"
  }, {
    "method" : "GET",
    "rel" : "exportComponentTemplate",
    "href" : "/analyticsGateway/componentTemplates/dm.transform.template",
    "uri" : "/analyticsGateway/componentTemplates/dm.transform.template",
    "type" : "application/octet-stream"
  }, {
    "method" : "GET",
    "rel" : "self",
    "href" : "/analyticsGateway/componentTemplates/dm.transform.template",
    "uri" : "/analyticsGateway/componentTemplates/dm.transform.template",
    "type" : "application/vnd.sas.analytics.component.template"
  }, {
    "method" : "GET",
    "rel" : "transferExport",
    "href" : "/analyticsGateway/componentTemplates/dm.transform.template",
    "uri" : "/analyticsGateway/componentTemplates/dm.transform.template",
    "type" : "application/vnd.sas.transfer.object"
  }, {
    "method" : "GET",
    "rel" : "localizationContext",
    "href" : "/analyticsLocalization/contexts/dm.service.nls",
    "uri" : "/analyticsLocalization/contexts/dm.service.nls",
    "type" : "application/vnd.sas.analytics.localization.context"
  } ],
  "name" : "Transformations",
  "description" : "Applies numerical or binning transformations to input variables.",
  "revision" : 6,
  "version" : 3,
  "prototype" : {
    "creationTimeStamp" : "2021-09-15T11:15:26.593Z",
    "modifiedTimeStamp" : "2021-09-15T11:23:31.480Z",
    "createdBy" : "sas.dataMining",
    "modifiedBy" : "sas.dataMining",
    "id" : "9ca4a1af-6232-4064-9676-64b93dfee9a8",
    "name" : "Transformations",
    "description" : "Applies numerical or binning transformations to input variables.",
    "revision" : 11,
    "iconCode" : "",
    "imageUri" : null,
    "executionProviderId" : "Compute",
    "code" : null,
    "classification" : "transform",
    "group" : "pre_process",
    "status" : "undefined",
    "componentProperties" : {
      "defaultMethod" : "NONE",
      "bestRankIntTarg" : "CLASSICALSKEW",
      "bestRankBinTarg" : "CLASSICALSKEW",
      "bestRankNomTarg" : "CLASSICALSKEW",
      "numBins" : 4,
      "outlierBins" : false,
      "minObsinBin" : 5,
      "defltClassMethod" : "NONE",
      "cutoffPercent" : 0.5,
      "woeAdjust" : 0.5,
      "missingTreatment" : "SEPARATE",
      "rejectVariable" : true,
      "summaryStatistics" : false,
      "ignoreMetadata" : false
    },
    "systemAttributes" : {
      "casSessionId" : "",
      "userDefined" : false,
      "modeling" : false,
      "trainOnly" : true,
      "prefix" : "trans",
      "version" : "1",
      "component" : "transform",
      "scoreCodeFormat" : "DS1",
      "codeFile" : "transform.sas",
      "codeFormat" : "FILE",
      "codeLanguage" : "SAS",
      "codeLocation" : "mlearning",
      "fullDatasetReconstitution" : false,
      "_omitJsonListing" : true,
      "_omitTextListing" : true,
      "_omitSessionResults" : true,
      "dataMiningVersion" : "V8.5"
    },
    "validationModel" : null,
    "validationErrors" : null,
    "version" : null,
    "componentPropertyMetadata" : null
  },
  "applicationId" : "datamining",
  "classification" : "transform",
  "providerId" : "SAS",
  "group" : "pre_process",
  "hidden" : false
}