{
  "creationTimeStamp" : "2020-02-20T02:41:56.814Z",
  "modifiedTimeStamp" : "2021-03-20T10:25:45.810Z",
  "createdBy" : "sas.dataMining",
  "modifiedBy" : "sas.dataMining",
  "id" : "dm.policy",
  "links" : [ {
    "method" : "GET",
    "rel" : "self",
    "href" : "/analyticsPipelines/policies/dm.policy",
    "uri" : "/analyticsPipelines/policies/dm.policy",
    "type" : "application/vnd.sas.analytics.pipeline.policy"
  }, {
    "method" : "GET",
    "rel" : "transferExport",
    "href" : "/analyticsPipelines/policies/dm.policy",
    "uri" : "/analyticsPipelines/policies/dm.policy",
    "type" : "application/vnd.sas.transfer.object"
  }, {
    "method" : "GET",
    "rel" : "localizationContext",
    "href" : "/analyticsLocalization/contexts/dm.service.nls",
    "uri" : "/analyticsLocalization/contexts/dm.service.nls",
    "type" : "application/vnd.sas.analytics.localization.context"
  } ],
  "name" : "Data Mining Pipeline Policy",
  "description" : "Defines a data mining pipeline.",
  "revision" : 7,
  "version" : 1,
  "swimLanes" : [ {
    "name" : "Data",
    "acceptRule" : "eq(group, 'data')",
    "minComponentCount" : 1,
    "maxComponentCount" : 1,
    "sourceLaneIndices" : [ ],
    "targetLaneIndices" : [ 1, 2 ]
  }, {
    "name" : "Preprocessing",
    "acceptRule" : "or(in(group, 'pre_process', 'miscellaneous', 'va_pre_process'), and(in(group, 'supervised'), in(classification, 'sascode', 'opensrc', 'cs_scorecard')))",
    "minComponentCount" : 0,
    "maxComponentCount" : 0,
    "sourceLaneIndices" : [ 0, 1 ],
    "targetLaneIndices" : [ 1, 2 ]
  }, {
    "name" : "Supervised Learning",
    "acceptRule" : "or(in(group, 'supervised', 'va_supervised'), and(in(group, 'miscellaneous'), in(classification, 'sascode', 'opensrc', 'cs_scorecard')))",
    "minComponentCount" : 0,
    "maxComponentCount" : 0,
    "sourceLaneIndices" : [ 0, 1 ],
    "targetLaneIndices" : [ 3, 4 ]
  }, {
    "name" : "Postprocessing",
    "acceptRule" : "in(group, 'post_model', 'miscellaneous')",
    "minComponentCount" : 0,
    "maxComponentCount" : 0,
    "sourceLaneIndices" : [ 2, 3 ],
    "targetLaneIndices" : [ 3, 4 ]
  }, {
    "name" : "Assessment",
    "acceptRule" : "eq(group, 'assess')",
    "minComponentCount" : 0,
    "maxComponentCount" : 1,
    "sourceLaneIndices" : [ 2, 3 ],
    "targetLaneIndices" : [ ]
  } ],
  "acceptRule" : "eq(applicationId, 'datamining')"
}