{
  "creationTimeStamp" : "2021-09-15T11:15:23.712Z",
  "modifiedTimeStamp" : "2021-09-15T11:23:29.118Z",
  "createdBy" : "sas.dataMining",
  "modifiedBy" : "sas.dataMining",
  "id" : "dm.managevariables.template",
  "links" : [ {
    "method" : "GET",
    "rel" : "up",
    "href" : "/analyticsGateway/componentTemplates",
    "uri" : "/analyticsGateway/componentTemplates",
    "type" : "application/vnd.sas.collection"
  }, {
    "method" : "GET",
    "rel" : "exportComponentTemplate",
    "href" : "/analyticsGateway/componentTemplates/dm.managevariables.template",
    "uri" : "/analyticsGateway/componentTemplates/dm.managevariables.template",
    "type" : "application/octet-stream"
  }, {
    "method" : "GET",
    "rel" : "self",
    "href" : "/analyticsGateway/componentTemplates/dm.managevariables.template",
    "uri" : "/analyticsGateway/componentTemplates/dm.managevariables.template",
    "type" : "application/vnd.sas.analytics.component.template"
  }, {
    "method" : "GET",
    "rel" : "transferExport",
    "href" : "/analyticsGateway/componentTemplates/dm.managevariables.template",
    "uri" : "/analyticsGateway/componentTemplates/dm.managevariables.template",
    "type" : "application/vnd.sas.transfer.object"
  }, {
    "method" : "GET",
    "rel" : "localizationContext",
    "href" : "/analyticsLocalization/contexts/dm.service.nls",
    "uri" : "/analyticsLocalization/contexts/dm.service.nls",
    "type" : "application/vnd.sas.analytics.localization.context"
  } ],
  "name" : "Manage Variables",
  "description" : "Modifies the metadata of variables.",
  "revision" : 6,
  "version" : 3,
  "prototype" : {
    "creationTimeStamp" : "2021-09-15T11:15:23.710Z",
    "modifiedTimeStamp" : "2021-09-15T11:23:29.121Z",
    "createdBy" : "sas.dataMining",
    "modifiedBy" : "sas.dataMining",
    "id" : "6e83ffc4-7a52-46f3-ab2d-2746084a1927",
    "name" : "Manage Variables",
    "description" : "Modifies the metadata of variables.",
    "revision" : 11,
    "iconCode" : "",
    "imageUri" : "/dataMining/images/managevariables.svg",
    "executionProviderId" : "Compute",
    "code" : null,
    "classification" : "managevariables",
    "group" : "pre_process",
    "status" : "undefined",
    "componentProperties" : { },
    "systemAttributes" : {
      "casSessionId" : "",
      "userDefined" : false,
      "modeling" : false,
      "trainOnly" : false,
      "prefix" : "meta",
      "version" : "1",
      "component" : "managevariables",
      "scoreCodeFormat" : "DS1",
      "codeFile" : "managevariables.sas",
      "codeFormat" : "FILE",
      "codeLanguage" : "SAS",
      "codeLocation" : "mlearning",
      "fullDatasetReconstitution" : false,
      "_omitJsonListing" : true,
      "_omitTextListing" : true,
      "_omitSessionResults" : true,
      "dataMiningVersion" : "V8.5"
    },
    "validationModel" : null,
    "validationErrors" : null,
    "version" : null,
    "componentPropertyMetadata" : null
  },
  "applicationId" : "datamining",
  "classification" : "managevariables",
  "providerId" : "SAS",
  "group" : "pre_process",
  "hidden" : false
}