{
  "creationTimeStamp" : "2021-09-15T11:15:24.219Z",
  "modifiedTimeStamp" : "2021-09-15T11:23:29.419Z",
  "createdBy" : "sas.dataMining",
  "modifiedBy" : "sas.dataMining",
  "id" : "dm.neural.template",
  "links" : [ {
    "method" : "GET",
    "rel" : "up",
    "href" : "/analyticsGateway/componentTemplates",
    "uri" : "/analyticsGateway/componentTemplates",
    "type" : "application/vnd.sas.collection"
  }, {
    "method" : "GET",
    "rel" : "exportComponentTemplate",
    "href" : "/analyticsGateway/componentTemplates/dm.neural.template",
    "uri" : "/analyticsGateway/componentTemplates/dm.neural.template",
    "type" : "application/octet-stream"
  }, {
    "method" : "GET",
    "rel" : "self",
    "href" : "/analyticsGateway/componentTemplates/dm.neural.template",
    "uri" : "/analyticsGateway/componentTemplates/dm.neural.template",
    "type" : "application/vnd.sas.analytics.component.template"
  }, {
    "method" : "GET",
    "rel" : "transferExport",
    "href" : "/analyticsGateway/componentTemplates/dm.neural.template",
    "uri" : "/analyticsGateway/componentTemplates/dm.neural.template",
    "type" : "application/vnd.sas.transfer.object"
  }, {
    "method" : "GET",
    "rel" : "localizationContext",
    "href" : "/analyticsLocalization/contexts/dm.service.nls",
    "uri" : "/analyticsLocalization/contexts/dm.service.nls",
    "type" : "application/vnd.sas.analytics.localization.context"
  } ],
  "name" : "Neural Network",
  "description" : "Fits a fully-connected neural network model.",
  "revision" : 6,
  "version" : 3,
  "prototype" : {
    "creationTimeStamp" : "2021-09-15T11:15:24.215Z",
    "modifiedTimeStamp" : "2021-09-15T11:23:29.421Z",
    "createdBy" : "sas.dataMining",
    "modifiedBy" : "sas.dataMining",
    "id" : "42769560-66a0-417e-817f-48325a1c2bc8",
    "name" : "Neural Network",
    "description" : "Fits a fully-connected neural network model.",
    "revision" : 11,
    "iconCode" : "",
    "imageUri" : "/dataMining/images/neural.svg",
    "executionProviderId" : "Compute",
    "code" : null,
    "classification" : "neural",
    "group" : "supervised",
    "status" : "undefined",
    "componentProperties" : {
      "train" : true,
      "missAsLevl" : false,
      "inputStd" : "MIDRANGE",
      "nHidden" : 1,
      "hiddenAll" : true,
      "hiddenAllNum" : 50,
      "actFuncAll" : "TANH",
      "hidden1" : 50,
      "actFunc1" : "TANH",
      "hidden2" : 50,
      "actFunc2" : "TANH",
      "hidden3" : 50,
      "actFunc3" : "TANH",
      "hidden4" : 50,
      "actFunc4" : "TANH",
      "hidden5" : 50,
      "actFunc5" : "TANH",
      "hidden6" : 50,
      "actFunc6" : "TANH",
      "hidden7" : 50,
      "actFunc7" : "TANH",
      "hidden8" : 50,
      "actFunc8" : "TANH",
      "hidden9" : 50,
      "actFunc9" : "TANH",
      "hidden10" : 50,
      "actFunc10" : "TANH",
      "directConn" : false,
      "targetStd" : "MIDRANGE",
      "targetError" : "NORMAL",
      "targetAct" : "IDENTITY",
      "optTech" : "AUTOMATIC",
      "numTries" : 1,
      "maxIter" : 300,
      "maxTime" : 0,
      "randomSeed" : 12345,
      "weightDecay1" : 0,
      "weightDecay" : 0.1,
      "inputDropout" : 0,
      "hiddenDropout" : 0,
      "learningRate" : 0.001,
      "annealingRate" : 1.0E-6,
      "dnnMaxEpochs" : 10,
      "miniBatchSize" : 50,
      "momentum" : 0,
      "useLocking" : false,
      "sgdSeed" : 12345,
      "dnnAlg" : "ADAM",
      "dnnBeta1" : 0.9,
      "dnnBeta2" : 0.999,
      "dnnMomentum" : 0.9,
      "dnnClipGradMin" : 0,
      "dnnClipGradMax" : 0,
      "dnnLRPolicy" : "FIXED",
      "dnnGamma" : 0.1,
      "dnnPower" : 0.75,
      "dnnStepSize" : 10,
      "earlyStop" : true,
      "stagnation" : 5,
      "goal" : 0,
      "autotune_enabled" : false,
      "atnhidden" : true,
      "atnhiddenInit" : 1,
      "atnhiddenLB" : 0,
      "atnhiddenUB" : 2,
      "atnunitsInit" : 1,
      "atnunitsLB" : 1,
      "atnunitsUB" : 100,
      "atweightDecay1" : true,
      "atweightDecay1Init" : 0,
      "atweightDecay1LB" : 0,
      "atweightDecay1UB" : 10,
      "atweightDecay2" : true,
      "atweightDecay2Init" : 0,
      "atweightDecay2LB" : 0,
      "atweightDecay2UB" : 10,
      "atlearningRate" : true,
      "atlearningRateInit" : 0.001,
      "atlearningRateLB" : 0,
      "atlearningRateUB" : 0.1,
      "atannealingRate" : true,
      "atannealingRateInit" : 0.001,
      "atannealingRateLB" : 1.0E-6,
      "atannealingRateUB" : 0.1,
      "atSearchMethod" : "GA",
      "atPopSize" : 10,
      "atMaxEval" : 50,
      "atMaxIter" : 5,
      "atMaxBayes" : 100,
      "atSampleSize" : 50,
      "atValidMethod" : "PARTITION",
      "atTrainProp" : 0.7,
      "atValidProp" : 0.3,
      "atValidFold" : 5,
      "atObjectiveNom" : "KS",
      "atObjectiveInt" : "ASE",
      "atMaxTime" : 60,
      "exactPctlLift" : true,
      "userProbCutoff" : false,
      "binaryProbCutoff" : 0.5,
      "performVI" : false,
      "pdPlots" : false,
      "icePlots" : false,
      "performLime" : false,
      "performKernelShap" : false,
      "maxNumShapVars" : 20,
      "specifyRows" : "RANDOM",
      "explainInfo" : false,
      "explainFidelity" : false,
      "pdNumImportantInputs" : 5,
      "pdObsSamples" : 1000,
      "nBins" : 50,
      "truncateLl" : 5,
      "truncateUl" : 95,
      "seedId" : 12345
    },
    "systemAttributes" : {
      "casSessionId" : "",
      "userDefined" : false,
      "modeling" : true,
      "trainOnly" : false,
      "prefix" : "nn",
      "version" : "1",
      "component" : "neural",
      "scoreCodeFormat" : "DS1",
      "codeFile" : "neural.sas",
      "codeFormat" : "FILE",
      "codeLanguage" : "SAS",
      "codeLocation" : "mlearning",
      "fullDatasetReconstitution" : false,
      "_omitJsonListing" : true,
      "_omitTextListing" : true,
      "_omitSessionResults" : true,
      "dataMiningVersion" : "V8.5"
    },
    "validationModel" : null,
    "validationErrors" : null,
    "version" : null,
    "componentPropertyMetadata" : {
      "performVI" : {
        "omitFromModified" : true
      },
      "pdPlots" : {
        "omitFromModified" : true
      },
      "icePlots" : {
        "omitFromModified" : true
      },
      "performLime" : {
        "omitFromModified" : true
      },
      "performKernelShap" : {
        "omitFromModified" : true
      },
      "maxNumShapVars" : {
        "omitFromModified" : true
      },
      "specifyRows" : {
        "omitFromModified" : true
      },
      "indvRow" : {
        "omitFromModified" : true
      },
      "indvRow_2" : {
        "omitFromModified" : true
      },
      "indvRow_3" : {
        "omitFromModified" : true
      },
      "indvRow_4" : {
        "omitFromModified" : true
      },
      "indvRow_5" : {
        "omitFromModified" : true
      },
      "explainInfo" : {
        "omitFromModified" : true
      },
      "explainFidelity" : {
        "omitFromModified" : true
      },
      "pdNumImportantInputs" : {
        "omitFromModified" : true
      },
      "pdObsSamples" : {
        "omitFromModified" : true
      },
      "nBins" : {
        "omitFromModified" : true
      },
      "truncateLl" : {
        "omitFromModified" : true
      },
      "truncateUl" : {
        "omitFromModified" : true
      },
      "seedId" : {
        "omitFromModified" : true
      }
    }
  },
  "applicationId" : "datamining",
  "classification" : "neural",
  "providerId" : "SAS",
  "group" : "supervised",
  "hidden" : false
}