{
  "creationTimeStamp" : "2021-09-15T11:15:26.071Z",
  "modifiedTimeStamp" : "2021-09-15T11:23:30.914Z",
  "createdBy" : "sas.dataMining",
  "modifiedBy" : "sas.dataMining",
  "id" : "dm.svdd.template",
  "links" : [ {
    "method" : "GET",
    "rel" : "up",
    "href" : "/analyticsGateway/componentTemplates",
    "uri" : "/analyticsGateway/componentTemplates",
    "type" : "application/vnd.sas.collection"
  }, {
    "method" : "GET",
    "rel" : "exportComponentTemplate",
    "href" : "/analyticsGateway/componentTemplates/dm.svdd.template",
    "uri" : "/analyticsGateway/componentTemplates/dm.svdd.template",
    "type" : "application/octet-stream"
  }, {
    "method" : "GET",
    "rel" : "self",
    "href" : "/analyticsGateway/componentTemplates/dm.svdd.template",
    "uri" : "/analyticsGateway/componentTemplates/dm.svdd.template",
    "type" : "application/vnd.sas.analytics.component.template"
  }, {
    "method" : "GET",
    "rel" : "transferExport",
    "href" : "/analyticsGateway/componentTemplates/dm.svdd.template",
    "uri" : "/analyticsGateway/componentTemplates/dm.svdd.template",
    "type" : "application/vnd.sas.transfer.object"
  }, {
    "method" : "GET",
    "rel" : "localizationContext",
    "href" : "/analyticsLocalization/contexts/dm.service.nls",
    "uri" : "/analyticsLocalization/contexts/dm.service.nls",
    "type" : "application/vnd.sas.analytics.localization.context"
  } ],
  "name" : "Anomaly Detection",
  "description" : "Identifies and excludes anomalies (observations) using the support vector data description.",
  "revision" : 6,
  "version" : 3,
  "prototype" : {
    "creationTimeStamp" : "2021-09-15T11:15:26.067Z",
    "modifiedTimeStamp" : "2021-09-15T11:23:30.916Z",
    "createdBy" : "sas.dataMining",
    "modifiedBy" : "sas.dataMining",
    "id" : "dcecd4f9-9491-4f05-bb4c-5805ffe2080d",
    "name" : "Anomaly Detection",
    "description" : "Identifies and excludes anomalies (observations) using the support vector data description.",
    "revision" : 11,
    "iconCode" : "",
    "imageUri" : null,
    "executionProviderId" : "Compute",
    "code" : null,
    "classification" : "svdd",
    "group" : "pre_process",
    "status" : "undefined",
    "componentProperties" : {
      "stdize" : false,
      "useClassInputs" : true,
      "rbfBWMethod" : "USER",
      "rbfMeanDelta" : 1.0E-6,
      "rbfTraceNrep" : 5,
      "solverType" : "ACTSET",
      "outlierFrac" : 0.01,
      "solverTol" : 0.001,
      "maxTime" : 30,
      "maxSV" : 350,
      "nSamp" : 5,
      "thresTol" : 0.01,
      "centerTol" : 0.01,
      "numMatch" : 3,
      "seed" : 12345,
      "countsReport" : false,
      "indicatorRole" : "FILTER",
      "includeAnomalies" : false,
      "measureRole" : "REJECTED"
    },
    "systemAttributes" : {
      "casSessionId" : "",
      "userDefined" : false,
      "modeling" : false,
      "trainOnly" : true,
      "prefix" : "svdd",
      "version" : "1",
      "component" : "svdd",
      "scoreCodeFormat" : "ASTORE",
      "codeFile" : "svdd.sas",
      "codeFormat" : "FILE",
      "codeLanguage" : "SAS",
      "codeLocation" : "mlearning",
      "fullDatasetReconstitution" : false,
      "_omitJsonListing" : true,
      "_omitTextListing" : true,
      "_omitSessionResults" : true,
      "dataMiningVersion" : "V8.5"
    },
    "validationModel" : null,
    "validationErrors" : null,
    "version" : null,
    "componentPropertyMetadata" : null
  },
  "applicationId" : "datamining",
  "classification" : "svdd",
  "providerId" : "SAS",
  "group" : "pre_process",
  "hidden" : false
}