{
  "creationTimeStamp" : "2021-09-15T11:15:22.351Z",
  "modifiedTimeStamp" : "2021-09-15T11:23:27.807Z",
  "createdBy" : "sas.dataMining",
  "modifiedBy" : "sas.dataMining",
  "id" : "dm.forest.template",
  "links" : [ {
    "method" : "GET",
    "rel" : "up",
    "href" : "/analyticsGateway/componentTemplates",
    "uri" : "/analyticsGateway/componentTemplates",
    "type" : "application/vnd.sas.collection"
  }, {
    "method" : "GET",
    "rel" : "exportComponentTemplate",
    "href" : "/analyticsGateway/componentTemplates/dm.forest.template",
    "uri" : "/analyticsGateway/componentTemplates/dm.forest.template",
    "type" : "application/octet-stream"
  }, {
    "method" : "GET",
    "rel" : "self",
    "href" : "/analyticsGateway/componentTemplates/dm.forest.template",
    "uri" : "/analyticsGateway/componentTemplates/dm.forest.template",
    "type" : "application/vnd.sas.analytics.component.template"
  }, {
    "method" : "GET",
    "rel" : "transferExport",
    "href" : "/analyticsGateway/componentTemplates/dm.forest.template",
    "uri" : "/analyticsGateway/componentTemplates/dm.forest.template",
    "type" : "application/vnd.sas.transfer.object"
  }, {
    "method" : "GET",
    "rel" : "localizationContext",
    "href" : "/analyticsLocalization/contexts/dm.service.nls",
    "uri" : "/analyticsLocalization/contexts/dm.service.nls",
    "type" : "application/vnd.sas.analytics.localization.context"
  } ],
  "name" : "Forest",
  "description" : "Fits a forest model, which consists of multiple decision trees based on different samples of the data and different subsets of inputs.",
  "revision" : 6,
  "version" : 3,
  "prototype" : {
    "creationTimeStamp" : "2021-09-15T11:15:22.348Z",
    "modifiedTimeStamp" : "2021-09-15T11:23:27.809Z",
    "createdBy" : "sas.dataMining",
    "modifiedBy" : "sas.dataMining",
    "id" : "b13244ec-0c77-4535-b4e4-c7cf0f03fd80",
    "name" : "Forest",
    "description" : "Fits a forest model, which consists of multiple decision trees based on different samples of the data and different subsets of inputs.",
    "revision" : 11,
    "iconCode" : "",
    "imageUri" : "/dataMining/images/forest.svg",
    "executionProviderId" : "Compute",
    "code" : null,
    "classification" : "forest",
    "group" : "supervised",
    "status" : "undefined",
    "componentProperties" : {
      "train" : true,
      "maxTrees" : 100,
      "voteMethod" : "PROBABILITY",
      "criterionMethod" : "IGR",
      "iCriterionMethod" : "VARIANCE",
      "maxBranch" : 2,
      "maxDepth" : 20,
      "leafSpec" : "COUNT",
      "leafSize" : 5,
      "leafProp" : 5.0E-5,
      "missingValue" : "USEINSEARCH",
      "minUseInSearch" : 1,
      "intervalBins" : 50,
      "intBinMethod" : "QUANTILE",
      "trainFraction" : 0.6,
      "defaultVarsPerTree" : true,
      "varsToTry" : 100,
      "loh" : 0,
      "seed" : 12345,
      "autotune_enabled" : false,
      "atmaxDepth" : true,
      "atmaxDepthInit" : 20,
      "atmaxDepthLB" : 1,
      "atmaxDepthUB" : 29,
      "atleafSize" : false,
      "atleafSizeInit" : 5,
      "atleafSizeLB" : 1,
      "atleafSizeUB" : 100,
      "atintervalBins" : true,
      "atintervalBinsInit" : 50,
      "atintervalBinsLB" : 20,
      "atintervalBinsUB" : 100,
      "atmaxTrees" : true,
      "atmaxTreesInit" : 100,
      "atmaxTreesLB" : 20,
      "atmaxTreesUB" : 150,
      "attrainFraction" : true,
      "attrainFractionInit" : 0.6,
      "attrainFractionLB" : 0.1,
      "attrainFractionUB" : 0.9,
      "atvarsToTry" : true,
      "atvarsToTryInit" : 100,
      "atvarsToTryLB" : 1,
      "atvarsToTryUB" : 100,
      "atSearchMethod" : "GA",
      "atPopSize" : 10,
      "atMaxEval" : 50,
      "atMaxIter" : 5,
      "atMaxBayes" : 100,
      "atSampleSize" : 50,
      "atValidMethod" : "PARTITION",
      "atTrainProp" : 0.7,
      "atValidProp" : 0.3,
      "atValidFold" : 5,
      "atObjectiveNom" : "KS",
      "atObjectiveInt" : "ASE",
      "atMaxTime" : 60,
      "exactPctlLift" : true,
      "userProbCutoff" : false,
      "binaryProbCutoff" : 0.5,
      "performVI" : false,
      "pdPlots" : false,
      "icePlots" : false,
      "performLime" : false,
      "performKernelShap" : false,
      "maxNumShapVars" : 20,
      "specifyRows" : "RANDOM",
      "explainInfo" : false,
      "explainFidelity" : false,
      "pdNumImportantInputs" : 5,
      "pdObsSamples" : 1000,
      "nBins" : 50,
      "truncateLl" : 5,
      "truncateUl" : 95,
      "seedId" : 12345
    },
    "systemAttributes" : {
      "casSessionId" : "",
      "userDefined" : false,
      "modeling" : true,
      "trainOnly" : false,
      "prefix" : "forest",
      "version" : "1",
      "component" : "forest",
      "scoreCodeFormat" : "ASTORE",
      "codeFile" : "forest.sas",
      "codeFormat" : "FILE",
      "codeLanguage" : "SAS",
      "codeLocation" : "mlearning",
      "fullDatasetReconstitution" : false,
      "_omitJsonListing" : true,
      "_omitTextListing" : true,
      "_omitSessionResults" : true,
      "dataMiningVersion" : "V8.5"
    },
    "validationModel" : null,
    "validationErrors" : null,
    "version" : null,
    "componentPropertyMetadata" : {
      "performVI" : {
        "omitFromModified" : true
      },
      "pdPlots" : {
        "omitFromModified" : true
      },
      "icePlots" : {
        "omitFromModified" : true
      },
      "performLime" : {
        "omitFromModified" : true
      },
      "performKernelShap" : {
        "omitFromModified" : true
      },
      "maxNumShapVars" : {
        "omitFromModified" : true
      },
      "specifyRows" : {
        "omitFromModified" : true
      },
      "indvRow" : {
        "omitFromModified" : true
      },
      "indvRow_2" : {
        "omitFromModified" : true
      },
      "indvRow_3" : {
        "omitFromModified" : true
      },
      "indvRow_4" : {
        "omitFromModified" : true
      },
      "indvRow_5" : {
        "omitFromModified" : true
      },
      "explainInfo" : {
        "omitFromModified" : true
      },
      "explainFidelity" : {
        "omitFromModified" : true
      },
      "pdNumImportantInputs" : {
        "omitFromModified" : true
      },
      "pdObsSamples" : {
        "omitFromModified" : true
      },
      "nBins" : {
        "omitFromModified" : true
      },
      "truncateLl" : {
        "omitFromModified" : true
      },
      "truncateUl" : {
        "omitFromModified" : true
      },
      "seedId" : {
        "omitFromModified" : true
      }
    }
  },
  "applicationId" : "datamining",
  "classification" : "forest",
  "providerId" : "SAS",
  "group" : "supervised",
  "hidden" : false
}