{
  "creationTimeStamp" : "2020-02-20T02:41:56.283Z",
  "modifiedTimeStamp" : "2021-03-20T10:25:45.958Z",
  "createdBy" : "sas.dataMining",
  "modifiedBy" : "sas.dataMining",
  "id" : "dm.varclus.template",
  "links" : [ {
    "method" : "GET",
    "rel" : "up",
    "href" : "/analyticsGateway/componentTemplates",
    "uri" : "/analyticsGateway/componentTemplates",
    "type" : "application/vnd.sas.collection"
  }, {
    "method" : "GET",
    "rel" : "exportComponentTemplate",
    "href" : "/analyticsGateway/componentTemplates/dm.varclus.template",
    "uri" : "/analyticsGateway/componentTemplates/dm.varclus.template",
    "type" : "application/octet-stream"
  }, {
    "method" : "GET",
    "rel" : "self",
    "href" : "/analyticsGateway/componentTemplates/dm.varclus.template",
    "uri" : "/analyticsGateway/componentTemplates/dm.varclus.template",
    "type" : "application/vnd.sas.analytics.component.template"
  }, {
    "method" : "GET",
    "rel" : "transferExport",
    "href" : "/analyticsGateway/componentTemplates/dm.varclus.template",
    "uri" : "/analyticsGateway/componentTemplates/dm.varclus.template",
    "type" : "application/vnd.sas.transfer.object"
  }, {
    "method" : "GET",
    "rel" : "localizationContext",
    "href" : "/analyticsLocalization/contexts/dm.service.nls",
    "uri" : "/analyticsLocalization/contexts/dm.service.nls",
    "type" : "application/vnd.sas.analytics.localization.context"
  } ],
  "name" : "Variable Clustering",
  "description" : "Performs variable clustering to reduce the number of inputs.",
  "revision" : 7,
  "version" : 3,
  "prototype" : {
    "creationTimeStamp" : "2020-02-20T02:41:56.274Z",
    "modifiedTimeStamp" : "2021-03-20T10:25:45.973Z",
    "createdBy" : "sas.dataMining",
    "modifiedBy" : "sas.dataMining",
    "id" : "4e61b241-c6d8-4e04-a84c-32dcadd2e595",
    "name" : "Variable Clustering",
    "description" : "Performs variable clustering to reduce the number of inputs.",
    "revision" : 13,
    "iconCode" : "",
    "imageUri" : null,
    "executionProviderId" : "Compute",
    "code" : null,
    "classification" : "varclus",
    "group" : "pre_process",
    "status" : "undefined",
    "componentProperties" : {
      "clusterRep" : "BESTVAR",
      "bestvarcnt" : 1,
      "clusprefix" : "_CLUS",
      "classVars" : false,
      "classlevVars" : true,
      "optimalCrit" : "NONE",
      "maxSteps" : 6,
      "minClusters" : 1,
      "defaultMaxMembers" : true,
      "maxMembers" : 20,
      "rho" : 0.8,
      "maxIters" : 1000,
      "tol" : 1.0E-4
    },
    "systemAttributes" : {
      "casSessionId" : "",
      "userDefined" : false,
      "modeling" : false,
      "trainOnly" : true,
      "prefix" : "vclus",
      "version" : "1",
      "component" : "varclus",
      "codeFile" : "varclus.sas",
      "codeFormat" : "FILE",
      "codeLanguage" : "SAS",
      "codeLocation" : "mlearning",
      "fullDatasetReconstitution" : false,
      "_omitJsonListing" : true,
      "_omitTextListing" : true,
      "_omitSessionResults" : true,
      "dataMiningVersion" : "V8.5"
    },
    "validationModel" : null,
    "validationErrors" : null,
    "version" : null,
    "componentPropertyMetadata" : null
  },
  "applicationId" : "datamining",
  "classification" : "varclus",
  "providerId" : "SAS",
  "group" : "pre_process",
  "hidden" : false
}