{
  "creationTimeStamp" : "2021-09-15T11:15:25.037Z",
  "modifiedTimeStamp" : "2021-09-15T11:23:30.095Z",
  "createdBy" : "sas.dataMining",
  "modifiedBy" : "sas.dataMining",
  "id" : "dm.sascode.template",
  "links" : [ {
    "method" : "GET",
    "rel" : "up",
    "href" : "/analyticsGateway/componentTemplates",
    "uri" : "/analyticsGateway/componentTemplates",
    "type" : "application/vnd.sas.collection"
  }, {
    "method" : "GET",
    "rel" : "exportComponentTemplate",
    "href" : "/analyticsGateway/componentTemplates/dm.sascode.template",
    "uri" : "/analyticsGateway/componentTemplates/dm.sascode.template",
    "type" : "application/octet-stream"
  }, {
    "method" : "GET",
    "rel" : "self",
    "href" : "/analyticsGateway/componentTemplates/dm.sascode.template",
    "uri" : "/analyticsGateway/componentTemplates/dm.sascode.template",
    "type" : "application/vnd.sas.analytics.component.template"
  }, {
    "method" : "GET",
    "rel" : "transferExport",
    "href" : "/analyticsGateway/componentTemplates/dm.sascode.template",
    "uri" : "/analyticsGateway/componentTemplates/dm.sascode.template",
    "type" : "application/vnd.sas.transfer.object"
  }, {
    "method" : "GET",
    "rel" : "localizationContext",
    "href" : "/analyticsLocalization/contexts/dm.service.nls",
    "uri" : "/analyticsLocalization/contexts/dm.service.nls",
    "type" : "application/vnd.sas.analytics.localization.context"
  } ],
  "name" : "SAS Code",
  "description" : "Runs SAS code.",
  "revision" : 6,
  "version" : 3,
  "prototype" : {
    "creationTimeStamp" : "2021-09-15T11:15:25.034Z",
    "modifiedTimeStamp" : "2021-09-15T11:23:30.108Z",
    "createdBy" : "sas.dataMining",
    "modifiedBy" : "sas.dataMining",
    "id" : "0f5b9410-00dd-4859-91a6-a0a29d81e19f",
    "name" : "SAS Code",
    "description" : "Runs SAS code.",
    "revision" : 11,
    "iconCode" : "",
    "imageUri" : "/dataMining/images/code.svg",
    "executionProviderId" : "Compute",
    "code" : null,
    "classification" : "sascode",
    "group" : "miscellaneous",
    "status" : "undefined",
    "componentProperties" : {
      "sasCode" : "/* SAS code */",
      "sasScoreCode" : "/* SAS ds1 score code */",
      "trainOnly" : false,
      "exactPctlLift" : true,
      "performVI" : false,
      "pdPlots" : false,
      "icePlots" : false,
      "performLime" : false,
      "performKernelShap" : false,
      "maxNumShapVars" : 20,
      "specifyRows" : "RANDOM",
      "explainInfo" : false,
      "explainFidelity" : false,
      "pdNumImportantInputs" : 5,
      "pdObsSamples" : 1000,
      "nBins" : 50,
      "truncateLl" : 5,
      "truncateUl" : 95,
      "seedId" : 12345
    },
    "systemAttributes" : {
      "casSessionId" : "",
      "userDefined" : false,
      "modeling" : false,
      "prefix" : "sascode",
      "version" : "1",
      "component" : "sascode",
      "scoreCodeFormat" : "DS1",
      "codeFile" : "sascode.sas",
      "codeFormat" : "FILE",
      "codeLanguage" : "SAS",
      "codeLocation" : "mlearning",
      "fullDatasetReconstitution" : false,
      "sasCode_Language" : "sas",
      "sasScoreCode_Language" : "sas",
      "useCodePropertyFiles" : true,
      "_omitJsonListing" : true,
      "_omitTextListing" : true,
      "_omitSessionResults" : true,
      "dataMiningVersion" : "V8.5"
    },
    "validationModel" : null,
    "validationErrors" : null,
    "version" : null,
    "componentPropertyMetadata" : {
      "performVI" : {
        "omitFromModified" : true
      },
      "pdPlots" : {
        "omitFromModified" : true
      },
      "icePlots" : {
        "omitFromModified" : true
      },
      "performLime" : {
        "omitFromModified" : true
      },
      "performKernelShap" : {
        "omitFromModified" : true
      },
      "maxNumShapVars" : {
        "omitFromModified" : true
      },
      "specifyRows" : {
        "omitFromModified" : true
      },
      "indvRow" : {
        "omitFromModified" : true
      },
      "indvRow_2" : {
        "omitFromModified" : true
      },
      "indvRow_3" : {
        "omitFromModified" : true
      },
      "indvRow_4" : {
        "omitFromModified" : true
      },
      "indvRow_5" : {
        "omitFromModified" : true
      },
      "explainInfo" : {
        "omitFromModified" : true
      },
      "explainFidelity" : {
        "omitFromModified" : true
      },
      "pdNumImportantInputs" : {
        "omitFromModified" : true
      },
      "pdObsSamples" : {
        "omitFromModified" : true
      },
      "nBins" : {
        "omitFromModified" : true
      },
      "truncateLl" : {
        "omitFromModified" : true
      },
      "truncateUl" : {
        "omitFromModified" : true
      },
      "seedId" : {
        "omitFromModified" : true
      }
    }
  },
  "applicationId" : "datamining",
  "classification" : "sascode",
  "providerId" : "SAS",
  "group" : "miscellaneous",
  "hidden" : false
}