{
  "creationTimeStamp" : "2021-09-15T11:15:21.838Z",
  "modifiedTimeStamp" : "2021-09-15T11:23:27.408Z",
  "createdBy" : "sas.dataMining",
  "modifiedBy" : "sas.dataMining",
  "id" : "dm.feature_extract.template",
  "links" : [ {
    "method" : "GET",
    "rel" : "up",
    "href" : "/analyticsGateway/componentTemplates",
    "uri" : "/analyticsGateway/componentTemplates",
    "type" : "application/vnd.sas.collection"
  }, {
    "method" : "GET",
    "rel" : "exportComponentTemplate",
    "href" : "/analyticsGateway/componentTemplates/dm.feature_extract.template",
    "uri" : "/analyticsGateway/componentTemplates/dm.feature_extract.template",
    "type" : "application/octet-stream"
  }, {
    "method" : "GET",
    "rel" : "self",
    "href" : "/analyticsGateway/componentTemplates/dm.feature_extract.template",
    "uri" : "/analyticsGateway/componentTemplates/dm.feature_extract.template",
    "type" : "application/vnd.sas.analytics.component.template"
  }, {
    "method" : "GET",
    "rel" : "transferExport",
    "href" : "/analyticsGateway/componentTemplates/dm.feature_extract.template",
    "uri" : "/analyticsGateway/componentTemplates/dm.feature_extract.template",
    "type" : "application/vnd.sas.transfer.object"
  }, {
    "method" : "GET",
    "rel" : "localizationContext",
    "href" : "/analyticsLocalization/contexts/dm.service.nls",
    "uri" : "/analyticsLocalization/contexts/dm.service.nls",
    "type" : "application/vnd.sas.analytics.localization.context"
  } ],
  "name" : "Feature Extraction",
  "description" : "Generates features based on PCA, robust PCA, SVD, or autoencoders to use as inputs. Note that PCA, SVD and RPCA use interval inputs only.",
  "revision" : 6,
  "version" : 3,
  "prototype" : {
    "creationTimeStamp" : "2021-09-15T11:15:21.834Z",
    "modifiedTimeStamp" : "2021-09-15T11:23:27.410Z",
    "createdBy" : "sas.dataMining",
    "modifiedBy" : "sas.dataMining",
    "id" : "2979ad42-9b2c-4440-8bab-9ea17f861728",
    "name" : "Feature Extraction",
    "description" : "Generates features based on PCA, robust PCA, SVD, or autoencoders to use as inputs. Note that PCA, SVD and RPCA use interval inputs only.",
    "revision" : 11,
    "iconCode" : "",
    "imageUri" : null,
    "executionProviderId" : "Compute",
    "code" : null,
    "classification" : "feature_extract",
    "group" : "pre_process",
    "status" : "undefined",
    "componentProperties" : {
      "method" : "AUTO",
      "rejOrigVariable" : true,
      "eigenSource" : "CORR",
      "princompPrefix" : "PC",
      "applyFixPrincomp" : false,
      "fixPrincomp" : 5,
      "applyMaxPrincomp" : true,
      "maxPrincomp" : 20,
      "cumVarCutoff" : 0.99,
      "minVarInc" : 0.001,
      "rpcaPenaltyWt" : 1,
      "rpcaOptimization" : "ALM",
      "rpcaMaxIter" : 1000,
      "rpcaConv" : 1.0E-7,
      "standardize" : "NONE",
      "maxRank" : 100,
      "compPrefix" : "COMP",
      "svdOptimization" : "AUTO",
      "inputStd" : "MIDRANGE",
      "missAsLevl" : false,
      "aePrefix" : "Hidden",
      "nHidden" : "3",
      "hiddenMid" : 10,
      "hidden1" : 100,
      "hidden2" : 50,
      "actFuncAll" : "TANH",
      "actFunc1" : "TANH",
      "actFunc2" : "TANH",
      "actFunc3" : "TANH",
      "actFunc4" : "TANH",
      "actFunc5" : "TANH",
      "numTries" : 1,
      "maxIter" : 300,
      "stagnation" : 5,
      "randomSeed" : 12345,
      "weightDecay1" : 0,
      "weightDecay" : 0.1,
      "learningRate" : 0.001,
      "annealingRate" : 1.0E-6,
      "inputDropout" : 0,
      "hiddenDropout" : 0,
      "miniBatchSize" : 10,
      "momentum" : 0,
      "useLocking" : false,
      "sgdSeed" : 12345,
      "validation" : true,
      "validationProb" : 0.3,
      "partitionSeed" : 12345
    },
    "systemAttributes" : {
      "casSessionId" : "",
      "userDefined" : false,
      "modeling" : false,
      "trainOnly" : false,
      "prefix" : "featext",
      "version" : "1",
      "component" : "feature_extract",
      "scoreCodeFormat" : "DS1",
      "codeFile" : "feature_extract.sas",
      "codeFormat" : "FILE",
      "codeLanguage" : "SAS",
      "codeLocation" : "mlearning",
      "fullDatasetReconstitution" : false,
      "_omitJsonListing" : true,
      "_omitTextListing" : true,
      "_omitSessionResults" : true,
      "dataMiningVersion" : "V8.5"
    },
    "validationModel" : null,
    "validationErrors" : null,
    "version" : null,
    "componentPropertyMetadata" : null
  },
  "applicationId" : "datamining",
  "classification" : "feature_extract",
  "providerId" : "SAS",
  "group" : "pre_process",
  "hidden" : false
}