{
  "creationTimeStamp" : "2020-02-20T02:41:47.056Z",
  "modifiedTimeStamp" : "2021-03-20T10:25:37.968Z",
  "createdBy" : "sas.dataMining",
  "modifiedBy" : "sas.dataMining",
  "id" : "dm.explore.template",
  "links" : [ {
    "method" : "GET",
    "rel" : "up",
    "href" : "/analyticsGateway/componentTemplates",
    "uri" : "/analyticsGateway/componentTemplates",
    "type" : "application/vnd.sas.collection"
  }, {
    "method" : "GET",
    "rel" : "exportComponentTemplate",
    "href" : "/analyticsGateway/componentTemplates/dm.explore.template",
    "uri" : "/analyticsGateway/componentTemplates/dm.explore.template",
    "type" : "application/octet-stream"
  }, {
    "method" : "GET",
    "rel" : "self",
    "href" : "/analyticsGateway/componentTemplates/dm.explore.template",
    "uri" : "/analyticsGateway/componentTemplates/dm.explore.template",
    "type" : "application/vnd.sas.analytics.component.template"
  }, {
    "method" : "GET",
    "rel" : "transferExport",
    "href" : "/analyticsGateway/componentTemplates/dm.explore.template",
    "uri" : "/analyticsGateway/componentTemplates/dm.explore.template",
    "type" : "application/vnd.sas.transfer.object"
  }, {
    "method" : "GET",
    "rel" : "localizationContext",
    "href" : "/analyticsLocalization/contexts/dm.service.nls",
    "uri" : "/analyticsLocalization/contexts/dm.service.nls",
    "type" : "application/vnd.sas.analytics.localization.context"
  } ],
  "name" : "Data Exploration",
  "description" : "Displays summary statistics and plots for variables in your data.",
  "revision" : 7,
  "version" : 3,
  "prototype" : {
    "creationTimeStamp" : "2020-02-20T02:41:47.049Z",
    "modifiedTimeStamp" : "2021-03-20T10:25:37.975Z",
    "createdBy" : "sas.dataMining",
    "modifiedBy" : "sas.dataMining",
    "id" : "52faca09-b95b-4b9f-8ddd-9590f243a60a",
    "name" : "Data Exploration",
    "description" : "Displays summary statistics and plots for variables in your data.",
    "revision" : 13,
    "iconCode" : "",
    "imageUri" : null,
    "executionProviderId" : "Compute",
    "code" : null,
    "classification" : "explore",
    "group" : "miscellaneous",
    "status" : "undefined",
    "componentProperties" : {
      "sourcePartition" : "ALL",
      "selectionCriterion" : "IMPORTANCE",
      "numVariableThreshold" : 50,
      "missingCutoffPct" : 25,
      "classLevelsCutoff" : 32,
      "domModeCutoffPct" : 80,
      "rareModeCutoffPct" : 20,
      "skewedCutoff" : 1,
      "peakyCutoff" : 2,
      "flatCutoff" : -1,
      "numIntervalBins" : 8,
      "clusterIntervalVars" : false,
      "minNumVarsToCluster" : 20,
      "tsneProjection" : false,
      "tsnePerplexity" : 30
    },
    "systemAttributes" : {
      "casSessionId" : "",
      "userDefined" : false,
      "modeling" : false,
      "trainOnly" : false,
      "prefix" : "expl",
      "version" : "1",
      "component" : "explore",
      "codeFile" : "explore.sas",
      "codeFormat" : "FILE",
      "codeLanguage" : "SAS",
      "codeLocation" : "mlearning",
      "fullDatasetReconstitution" : false,
      "_omitJsonListing" : true,
      "_omitTextListing" : true,
      "_omitSessionResults" : true,
      "dataMiningVersion" : "V8.5"
    },
    "validationModel" : null,
    "validationErrors" : null,
    "version" : null,
    "componentPropertyMetadata" : null
  },
  "applicationId" : "datamining",
  "classification" : "explore",
  "providerId" : "SAS",
  "group" : "miscellaneous",
  "hidden" : false
}